{"Orientation":[[0.0,0.0,-1.0,0.0],[0.0,1.0,0.0,0.0],[1.0,0.0,0.0,-0.5],[0.0,0.0,0.0,1.0]],"object_id":"mesh"}{"0":{"bb":{"h":-285,"w":-314,"x":578,"y":571}},"object_id":"mesh"}{"Orientation":[[0.0,0.1736481785774231,-0.9848077297210693,0.0],[0.0,0.9848077297210693,0.1736481785774231,0.0],[1.0,0.0,0.0,-0.5],[0.0,0.0,0.0,1.0]],"object_id":"mesh"}{"10":{"bb":{"h":-335,"w":-359,"x":589,"y":583}},"object_id":"mesh"}{"Orientation":[[0.0,0.4999999701976776,-0.8660253286361694,0.0],[0.0,0.8660253286361694,0.4999999701976776,0.0],[1.0,0.0,0.0,-0.5],[0.0,0.0,0.0,1.0]],"object_id":"mesh"}{"20":{"bb":{"h":-404,"w":-415,"x":603,"y":601}},"object_id":"mesh"}{"Orientation":[[0.0,0.8660253286361694,-0.4999999403953552,0.0],[0.0,0.4999999403953552,0.8660253286361694,0.0],[1.0,0.0,0.0,-0.5],[0.0,0.0,0.0,1.0]],"object_id":"mesh"}{"30":{"bb":{"h":-415,"w":-404,"x":601,"y":603}},"object_id":"mesh"}{"Orientation":[[0.0,0.9848076105117798,0.1736481487751007,0.0],[0.0,-0.1736481487751007,0.9848076105117798,0.0],[1.0,0.0,0.0,-0.5],[0.0,0.0,0.0,1.0]],"object_id":"mesh"}{"40":{"bb":{"h":-359,"w":-335,"x":583,"y":589}},"object_id":"mesh"}{"Orientation":[[0.0,0.4999999403953552,0.8660252690315247,0.0],[0.0,-0.8660252690315247,0.4999999403953552,0.0],[1.0,0.0,0.0,-0.5],[0.0,0.0,0.0,1.0]],"object_id":"mesh"}{"50":{"bb":{"h":-404,"w":-415,"x":603,"y":601}},"object_id":"mesh"}{"Orientation":[[0.0,-0.5,0.8660252690315247,0.0],[0.0,-0.8660252690315247,-0.5,0.0],[1.0,0.0,0.0,-0.5],[0.0,0.0,0.0,1.0]],"object_id":"mesh"}{"60":{"bb":{"h":-404,"w":-415,"x":603,"y":601}},"object_id":"mesh"}{"Orientation":[[0.0,-0.9848076105117798,-0.17364820837974548,0.0],[0.0,0.17364820837974548,-0.9848076105117798,0.0],[1.0,0.0,0.0,-0.5],[0.0,0.0,0.0,1.0]],"object_id":"mesh"}{"70":{"bb":{"h":-359,"w":-335,"x":583,"y":589}},"object_id":"mesh"}{"Orientation":[[0.0,0.0,-0.9999998211860657,0.0],[0.0,0.9999998211860657,0.0,0.0],[1.0,0.0,0.0,-0.5],[0.0,0.0,0.0,1.0]],"object_id":"mesh"}{"80":{"bb":{"h":-285,"w":-314,"x":578,"y":571}},"object_id":"mesh"}{"Orientation":[[0.0,0.9999998211860657,4.371138118131057e-08,0.0],[0.0,-4.371138118131057e-08,0.9999998211860657,0.0],[0.9999999403953552,0.0,0.0,-0.5],[0.0,0.0,0.0,1.0]],"object_id":"mesh"}{"90":{"bb":{"h":-314,"w":-285,"x":571,"y":578}},"object_id":"mesh"}{"Orientation":[[0.0,-0.17364820837974548,0.984807550907135,0.0],[0.0,-0.984807550907135,-0.17364820837974548,0.0],[0.9999999403953552,0.0,0.0,-0.5],[0.0,0.0,0.0,1.0]],"object_id":"mesh"}{"100":{"bb":{"h":-335,"w":-359,"x":589,"y":583}},"object_id":"mesh"}{"Orientation":[[0.0,-0.8660252094268799,-0.4999999403953552,0.0],[0.0,0.4999999403953552,-0.8660252094268799,0.0],[0.9999999403953552,0.0,0.0,-0.5],[0.0,0.0,0.0,1.0]],"object_id":"mesh"}{"110":{"bb":{"h":-415,"w":-404,"x":601,"y":603}},"object_id":"mesh"}{"Orientation":[[0.0,0.8660253286361694,-0.4999998211860657,0.0],[0.0,0.4999998211860657,0.8660253286361694,0.0],[0.9999998807907104,0.0,0.0,-0.5],[0.0,0.0,0.0,1.0]],"object_id":"mesh"}{"120":{"bb":{"h":-415,"w":-404,"x":601,"y":603}},"object_id":"mesh"}{"Orientation":[[0.0,-0.17364829778671265,0.9848076105117798,0.0],[0.0,-0.9848076105117798,-0.17364829778671265,0.0],[0.9999998807907104,0.0,0.0,-0.5],[0.0,0.0,0.0,1.0]],"object_id":"mesh"}{"130":{"bb":{"h":-335,"w":-359,"x":589,"y":583}},"object_id":"mesh"}{"Orientation":[[0.0,-0.4999998211860657,-0.8660253882408142,0.0],[0.0,0.8660253882408142,-0.4999998211860657,0.0],[0.9999998211860657,0.0,0.0,-0.5],[0.0,0.0,0.0,1.0]],"object_id":"mesh"}{"140":{"bb":{"h":-404,"w":-415,"x":603,"y":601}},"object_id":"mesh"}{"Orientation":[[0.0,0.8660253286361694,0.5000000596046448,0.0],[0.0,-0.5000000596046448,0.8660253286361694,0.0],[0.9999998211860657,0.0,0.0,-0.5],[0.0,0.0,0.0,1.0]],"object_id":"mesh"}{"150":{"bb":{"h":-415,"w":-404,"x":601,"y":603}},"object_id":"mesh"}{"Orientation":[[0.0,-0.9848077297210693,-0.17364820837974548,0.0],[0.0,0.17364820837974548,-0.9848077297210693,0.0],[0.9999998211860657,0.0,0.0,-0.5],[0.0,0.0,0.0,1.0]],"object_id":"mesh"}{"160":{"bb":{"h":-359,"w":-335,"x":583,"y":589}},"object_id":"mesh"}{"Orientation":[[0.0,0.9999999403953552,-8.940696716308594e-08,0.0],[0.0,8.940696716308594e-08,0.9999999403953552,0.0],[0.9999998211860657,0.0,0.0,-0.5],[0.0,0.0,0.0,1.0]],"object_id":"mesh"}{"170":{"bb":{"h":-314,"w":-285,"x":571,"y":578}},"object_id":"mesh"}{"Orientation":[[0.0,-0.9999999403953552,1.9841976950374374e-09,0.0],[0.0,-1.9841976950374374e-09,-0.9999999403953552,0.0],[0.9999998211860657,0.0,0.0,-0.5],[0.0,0.0,0.0,1.0]],"object_id":"mesh"}{"180":{"bb":{"h":-314,"w":-285,"x":571,"y":578}},"object_id":"mesh"}{"Orientation":[[0.0,0.9848076701164246,0.17364820837974548,0.0],[0.0,-0.17364820837974548,0.9848076701164246,0.0],[0.9999998211860657,0.0,0.0,-0.5],[0.0,0.0,0.0,1.0]],"object_id":"mesh"}{"190":{"bb":{"h":-359,"w":-335,"x":583,"y":589}},"object_id":"mesh"}{"Orientation":[[0.0,-0.8660252690315247,-0.5,0.0],[0.0,0.5,-0.8660252690315247,0.0],[0.9999998211860657,0.0,0.0,-0.5],[0.0,0.0,0.0,1.0]],"object_id":"mesh"}{"200":{"bb":{"h":-415,"w":-404,"x":601,"y":603}},"object_id":"mesh"}{"Orientation":[[0.0,0.49999988079071045,0.8660253286361694,0.0],[0.0,-0.8660253286361694,0.49999988079071045,0.0],[0.9999998211860657,0.0,0.0,-0.5],[0.0,0.0,0.0,1.0]],"object_id":"mesh"}{"210":{"bb":{"h":-404,"w":-415,"x":603,"y":601}},"object_id":"mesh"}{"Orientation":[[0.0,0.1736481487751007,-0.9848076105117798,0.0],[0.0,0.9848076105117798,0.1736481487751007,0.0],[0.9999998211860657,0.0,0.0,-0.5],[0.0,0.0,0.0,1.0]],"object_id":"mesh"}{"220":{"bb":{"h":-335,"w":-359,"x":589,"y":583}},"object_id":"mesh"}{"Orientation":[[0.0,-0.8660253882408142,0.4999997913837433,0.0],[0.0,-0.4999997913837433,-0.8660253882408142,0.0],[0.9999997615814209,0.0,0.0,-0.5],[0.0,0.0,0.0,1.0]],"object_id":"mesh"}{"230":{"bb":{"h":-415,"w":-404,"x":601,"y":603}},"object_id":"mesh"}{"Orientation":[[0.0,0.8660251498222351,0.5000001192092896,0.0],[0.0,-0.5000001192092896,0.8660251498222351,0.0],[0.9999997615814209,0.0,0.0,-0.5],[0.0,0.0,0.0,1.0]],"object_id":"mesh"}{"240":{"bb":{"h":-415,"w":-404,"x":601,"y":603}},"object_id":"mesh"}{"Orientation":[[0.0,0.17364847660064697,-0.984807550907135,0.0],[0.0,0.984807550907135,0.17364847660064697,0.0],[0.9999997615814209,0.0,0.0,-0.5],[0.0,0.0,0.0,1.0]],"object_id":"mesh"}{"250":{"bb":{"h":-335,"w":-359,"x":589,"y":583}},"object_id":"mesh"}{"Orientation":[[0.0,-0.9999998807907104,-3.8743019104003906e-07,0.0],[0.0,3.8743019104003906e-07,-0.9999998807907104,0.0],[0.9999997615814209,0.0,0.0,-0.5],[0.0,0.0,0.0,1.0]],"object_id":"mesh"}{"260":{"bb":{"h":-314,"w":-285,"x":571,"y":578}},"object_id":"mesh"}{"Orientation":[[0.0,-3.9935505924404424e-07,0.9999998807907104,0.0],[0.0,-0.9999998807907104,-3.9935505924404424e-07,0.0],[0.9999997615814209,0.0,0.0,-0.5],[0.0,0.0,0.0,1.0]],"object_id":"mesh"}{"270":{"bb":{"h":-285,"w":-314,"x":578,"y":571}},"object_id":"mesh"}{"Orientation":[[0.0,0.984807550907135,0.17364852130413055,0.0],[0.0,-0.17364852130413055,0.984807550907135,0.0],[0.9999997615814209,0.0,0.0,-0.5],[0.0,0.0,0.0,1.0]],"object_id":"mesh"}{"280":{"bb":{"h":-359,"w":-335,"x":583,"y":589}},"object_id":"mesh"}{"Orientation":[[0.0,0.5000002384185791,-0.8660251498222351,0.0],[0.0,0.8660251498222351,0.5000002384185791,0.0],[0.9999997615814209,0.0,0.0,-0.5],[0.0,0.0,0.0,1.0]],"object_id":"mesh"}{"290":{"bb":{"h":-404,"w":-415,"x":603,"y":601}},"object_id":"mesh"}{"Orientation":[[0.0,-0.4999997615814209,-0.866025447845459,0.0],[0.0,0.866025447845459,-0.4999997615814209,0.0],[0.9999997615814209,0.0,0.0,-0.5],[0.0,0.0,0.0,1.0]],"object_id":"mesh"}{"300":{"bb":{"h":-404,"w":-415,"x":603,"y":601}},"object_id":"mesh"}{"Orientation":[[0.0,-0.9848076105117798,-0.17364829778671265,0.0],[0.0,0.17364829778671265,-0.9848076105117798,0.0],[0.9999997615814209,0.0,0.0,-0.5],[0.0,0.0,0.0,1.0]],"object_id":"mesh"}{"310":{"bb":{"h":-359,"w":-335,"x":583,"y":589}},